{"cameraMode":{"drawMode":0,"name":"Shaded","section":"Shading Mode"},"sceneLighting":false,"audioPlay":false,"sceneViewState":{"showFog":false,"showMaterialUpdate":false,"showSkybox":false,"showFlares":false,"showImageEffects":false,"showParticleSystems":true},"in2DMode":false,"pivot":{"x":-1.7827636003494263,"y":2.2497410774230959,"z":3.459390878677368},"rotation":{"x":-0.2274997979402542,"y":0.05026965215802193,"z":-0.011719686910510064,"w":-0.9724625945091248},"size":22.0,"orthographic":false}