{"cameraMode":{"drawMode":0,"name":"Shaded","section":"Shading Mode"},"sceneLighting":false,"audioPlay":false,"sceneViewState":{"showFog":false,"showMaterialUpdate":false,"showSkybox":false,"showFlares":false,"showImageEffects":false,"showParticleSystems":true},"in2DMode":false,"pivot":{"x":-0.07104096561670304,"y":-0.032296180725097659,"z":-0.01711207628250122},"rotation":{"x":0.30655017495155337,"y":0.28790971636772158,"z":-0.09785041958093643,"w":0.9019762277603149},"size":3.4281363487243654,"orthographic":false}