{"cameraMode":{"drawMode":0,"name":"Shaded","section":"Shading Mode"},"sceneLighting":false,"audioPlay":false,"sceneViewState":{"showFog":false,"showMaterialUpdate":false,"showSkybox":false,"showFlares":false,"showImageEffects":false,"showParticleSystems":true},"in2DMode":false,"pivot":{"x":2.888746738433838,"y":3.7300000190734865,"z":2.1599998474121095},"rotation":{"x":0.008316361345350743,"y":-0.9475603699684143,"z":0.3185502886772156,"w":0.02474295161664486},"size":13.031124114990235,"orthographic":false}