{"cameraMode":{"drawMode":0,"name":"Shaded","section":"Shading Mode"},"sceneLighting":false,"audioPlay":false,"sceneViewState":{"showFog":false,"showMaterialUpdate":false,"showSkybox":false,"showFlares":false,"showImageEffects":false,"showParticleSystems":true},"in2DMode":false,"pivot":{"x":-7.014540195465088,"y":-1.671407699584961,"z":1.5749199390411378},"rotation":{"x":-0.05882449448108673,"y":0.6900131702423096,"z":-0.05643337219953537,"w":-0.71919184923172},"size":10.50102424621582,"orthographic":false}