{"cameraMode":{"drawMode":0,"name":"Shaded","section":"Shading Mode"},"sceneLighting":true,"audioPlay":false,"sceneViewState":{"showFog":false,"showMaterialUpdate":false,"showSkybox":false,"showFlares":false,"showImageEffects":false,"showParticleSystems":true},"in2DMode":false,"pivot":{"x":57.460426330566409,"y":11.398784637451172,"z":16.131322860717775},"rotation":{"x":0.3227066695690155,"y":0.5827714800834656,"z":-0.27061957120895388,"w":0.6950252056121826},"size":2.857893466949463,"orthographic":false}