{"cameraMode":{"drawMode":0,"name":"Shaded","section":"Shading Mode"},"sceneLighting":true,"audioPlay":false,"sceneViewState":{"showFog":false,"showMaterialUpdate":false,"showSkybox":false,"showFlares":false,"showImageEffects":false,"showParticleSystems":true},"in2DMode":false,"pivot":{"x":14.712575912475586,"y":0.6468309164047241,"z":17.996788024902345},"rotation":{"x":-0.13988491892814637,"y":0.7119150757789612,"z":-0.1481754183769226,"w":-0.6720573902130127},"size":4.950000286102295,"orthographic":false}