{"cameraMode":{"drawMode":0,"name":"Shaded","section":"Shading Mode"},"sceneLighting":false,"audioPlay":false,"sceneViewState":{"showFog":false,"showMaterialUpdate":false,"showSkybox":false,"showFlares":false,"showImageEffects":false,"showParticleSystems":true},"in2DMode":false,"pivot":{"x":0.0026933662593364717,"y":-0.22858867049217225,"z":-0.21163678169250489},"rotation":{"x":-0.26991522312164309,"y":-0.4267171621322632,"z":0.13509944081306458,"w":-0.8525369763374329},"size":7.154211521148682,"orthographic":false}