{"cameraMode":{"drawMode":0,"name":"Shaded","section":"Shading Mode"},"sceneLighting":false,"audioPlay":false,"sceneViewState":{"showFog":false,"showMaterialUpdate":false,"showSkybox":false,"showFlares":false,"showImageEffects":false,"showParticleSystems":true},"in2DMode":false,"pivot":{"x":-0.07060754299163819,"y":1.2197586297988892,"z":-0.010851025581359864},"rotation":{"x":-0.05707155168056488,"y":0.9370362758636475,"z":-0.29171833395957949,"w":-0.18332120776176454},"size":5.2497239112854,"orthographic":false}