{"cameraMode":{"drawMode":0,"name":"Shaded","section":"Shading Mode"},"sceneLighting":true,"audioPlay":false,"sceneViewState":{"showFog":false,"showMaterialUpdate":false,"showSkybox":false,"showFlares":false,"showImageEffects":false,"showParticleSystems":true},"in2DMode":false,"pivot":{"x":73.66511535644531,"y":0.11292767524719238,"z":18.242408752441408},"rotation":{"x":-0.41511109471321108,"y":-0.12298941612243653,"z":0.05676091089844704,"w":-0.8996428847312927},"size":3.6487021446228029,"orthographic":false}