{"cameraMode":{"drawMode":0,"name":"Shaded","section":"Shading Mode"},"sceneLighting":false,"audioPlay":false,"sceneViewState":{"showFog":false,"showMaterialUpdate":false,"showSkybox":false,"showFlares":false,"showImageEffects":false,"showParticleSystems":true},"in2DMode":false,"pivot":{"x":135.33750915527345,"y":-18.4554500579834,"z":68.43148803710938},"rotation":{"x":-0.12139444798231125,"y":-0.44028547406196597,"z":0.06018761172890663,"w":-0.8876237869262695},"size":84.75682067871094,"orthographic":false}