{"cameraMode":{"drawMode":0,"name":"Shaded","section":"Shading Mode"},"sceneLighting":false,"audioPlay":false,"sceneViewState":{"showFog":false,"showMaterialUpdate":false,"showSkybox":false,"showFlares":false,"showImageEffects":false,"showParticleSystems":true},"in2DMode":false,"pivot":{"x":-69.84757995605469,"y":0.7699999809265137,"z":79.2877197265625},"rotation":{"x":0.17436711490154267,"y":-0.5218697190284729,"z":0.10993348062038422,"w":0.8277455568313599},"size":3.6250410079956056,"orthographic":false}