{"cameraMode":{"drawMode":0,"name":"Shaded","section":"Shading Mode"},"sceneLighting":false,"audioPlay":false,"sceneViewState":{"showFog":false,"showMaterialUpdate":false,"showSkybox":false,"showFlares":false,"showImageEffects":false,"showParticleSystems":true},"in2DMode":false,"pivot":{"x":19.520000457763673,"y":1.875,"z":8.550000190734864},"rotation":{"x":-0.07911400496959686,"y":-0.3671729862689972,"z":0.031364940106868747,"w":-0.9262511730194092},"size":9.881316184997559,"orthographic":false}