{"cameraMode":{"drawMode":0,"name":"Shaded","section":"Shading Mode"},"sceneLighting":false,"audioPlay":false,"sceneViewState":{"showFog":false,"showMaterialUpdate":false,"showSkybox":false,"showFlares":false,"showImageEffects":false,"showParticleSystems":true},"in2DMode":false,"pivot":{"x":-1.6269793510437012,"y":0.7160801887512207,"z":-0.7685202360153198},"rotation":{"x":0.012028608471155167,"y":0.9855301380157471,"z":-0.07942268252372742,"w":0.14925731718540193},"size":3.0057246685028078,"orthographic":false}