{"cameraMode":{"drawMode":0,"name":"Shaded","section":"Shading Mode"},"sceneLighting":false,"audioPlay":false,"sceneViewState":{"showFog":false,"showMaterialUpdate":false,"showSkybox":false,"showFlares":false,"showImageEffects":false,"showParticleSystems":true},"in2DMode":false,"pivot":{"x":0.3498234748840332,"y":2.5403900146484377,"z":-0.016108274459838868},"rotation":{"x":-0.2274997979402542,"y":0.05026965215802193,"z":-0.011719686910510064,"w":-0.9724625945091248},"size":12.7937650680542,"orthographic":false}