{"cameraMode":{"drawMode":0,"name":"Shaded","section":"Shading Mode"},"sceneLighting":false,"audioPlay":false,"sceneViewState":{"showFog":false,"showMaterialUpdate":false,"showSkybox":false,"showFlares":false,"showImageEffects":false,"showParticleSystems":true},"in2DMode":false,"pivot":{"x":142.40762329101563,"y":-24.030820846557618,"z":53.4764518737793},"rotation":{"x":-0.1434769630432129,"y":-0.5255715847015381,"z":0.09042002260684967,"w":-0.8337263464927673},"size":92.63174438476563,"orthographic":false}