{"cameraMode":{"drawMode":0,"name":"Shaded","section":"Shading Mode"},"sceneLighting":false,"audioPlay":false,"sceneViewState":{"showFog":false,"showMaterialUpdate":false,"showSkybox":false,"showFlares":false,"showImageEffects":false,"showParticleSystems":true},"in2DMode":false,"pivot":{"x":-69.82736206054688,"y":1.3452244997024537,"z":78.71897888183594},"rotation":{"x":0.1220528781414032,"y":-0.14095814526081086,"z":0.0175141803920269,"w":0.9823071360588074},"size":3.6250410079956056,"orthographic":false}