{"cameraMode":{"drawMode":0,"name":"Shaded","section":"Shading Mode"},"sceneLighting":false,"audioPlay":false,"sceneViewState":{"showFog":false,"showMaterialUpdate":false,"showSkybox":false,"showFlares":false,"showImageEffects":false,"showParticleSystems":true},"in2DMode":false,"pivot":{"x":-71.33271789550781,"y":1.38054358959198,"z":78.45677947998047},"rotation":{"x":-0.0019702704157680275,"y":0.9896853566169739,"z":-0.01367354765534401,"w":-0.1425907462835312},"size":1.343756914138794,"orthographic":false}