{"cameraMode":{"drawMode":0,"name":"Shaded","section":"Shading Mode"},"sceneLighting":false,"audioPlay":false,"sceneViewState":{"showFog":false,"showMaterialUpdate":false,"showSkybox":false,"showFlares":false,"showImageEffects":false,"showParticleSystems":true},"in2DMode":false,"pivot":{"x":-3.552185535430908,"y":3.032284736633301,"z":3.07688045501709},"rotation":{"x":-0.08033599704504013,"y":-0.8659016489982605,"z":0.47114574909210207,"w":-0.14765407145023347},"size":20.476375579833986,"orthographic":false}