{"cameraMode":{"drawMode":0,"name":"Shaded","section":"Shading Mode"},"sceneLighting":true,"audioPlay":false,"sceneViewState":{"showFog":false,"showMaterialUpdate":false,"showSkybox":false,"showFlares":false,"showImageEffects":false,"showParticleSystems":true},"in2DMode":false,"pivot":{"x":-3.4980342388153078,"y":-1.5597290992736817,"z":67.60408020019531},"rotation":{"x":-0.12675972282886506,"y":0.10459227859973908,"z":-0.013399812392890454,"w":-0.986365556716919},"size":21.792274475097658,"orthographic":false}