{"cameraMode":{"drawMode":0,"name":"Shaded","section":"Shading Mode"},"sceneLighting":false,"audioPlay":false,"sceneViewState":{"showFog":false,"showMaterialUpdate":false,"showSkybox":false,"showFlares":false,"showImageEffects":false,"showParticleSystems":true},"in2DMode":false,"pivot":{"x":-2.6794116497039797,"y":3.58339524269104,"z":6.331293106079102},"rotation":{"x":-0.4377254545688629,"y":-0.35740363597869875,"z":0.19516581296920777,"w":-0.801616907119751},"size":16.041555404663087,"orthographic":false}