{"cameraMode":{"drawMode":0,"name":"Shaded","section":"Shading Mode"},"sceneLighting":false,"audioPlay":false,"sceneViewState":{"showFog":false,"showMaterialUpdate":false,"showSkybox":false,"showFlares":false,"showImageEffects":false,"showParticleSystems":true},"in2DMode":false,"pivot":{"x":255.659912109375,"y":250.1138916015625,"z":-49.53533935546875},"rotation":{"x":-0.10086863487958908,"y":-0.20239202678203584,"z":0.02096613496541977,"w":-0.9738703966140747},"size":10.50102424621582,"orthographic":false}