{"cameraMode":{"drawMode":0,"name":"Shaded","section":"Shading Mode"},"sceneLighting":false,"audioPlay":false,"sceneViewState":{"showFog":false,"showMaterialUpdate":false,"showSkybox":false,"showFlares":false,"showImageEffects":false,"showParticleSystems":true},"in2DMode":false,"pivot":{"x":0.007530272006988525,"y":2.386370897293091,"z":-0.10588419437408447},"rotation":{"x":-0.05707155168056488,"y":0.9370362758636475,"z":-0.29171833395957949,"w":-0.18332120776176454},"size":10.303062438964844,"orthographic":false}