{"cameraMode":{"drawMode":0,"name":"Shaded","section":"Shading Mode"},"sceneLighting":false,"audioPlay":false,"sceneViewState":{"showFog":false,"showMaterialUpdate":false,"showSkybox":false,"showFlares":false,"showImageEffects":false,"showParticleSystems":true},"in2DMode":false,"pivot":{"x":-0.00008302181959152222,"y":-0.0075803110376000408,"z":0.00026182018336839974},"rotation":{"x":-0.07972043007612229,"y":0.7583051919937134,"z":-0.09444736689329148,"w":-0.6400968432426453},"size":0.03182174265384674,"orthographic":false}