{"cameraMode":{"drawMode":0,"name":"Shaded","section":"Shading Mode"},"sceneLighting":true,"audioPlay":false,"sceneViewState":{"showFog":false,"showMaterialUpdate":false,"showSkybox":false,"showFlares":false,"showImageEffects":false,"showParticleSystems":true},"in2DMode":false,"pivot":{"x":-64.56072235107422,"y":1.407818078994751,"z":78.06765747070313},"rotation":{"x":0.17436711490154267,"y":-0.5218697190284729,"z":0.10993348062038422,"w":0.8277455568313599},"size":2.4827795028686525,"orthographic":false}