{"cameraMode":{"drawMode":0,"name":"Shaded","section":"Shading Mode"},"sceneLighting":false,"audioPlay":false,"sceneViewState":{"showFog":false,"showMaterialUpdate":false,"showSkybox":false,"showFlares":false,"showImageEffects":false,"showParticleSystems":true},"in2DMode":false,"pivot":{"x":0.3400038480758667,"y":1.8787500858306885,"z":8.510001182556153},"rotation":{"x":-0.07911400496959686,"y":-0.3671729862689972,"z":0.031364940106868747,"w":-0.9262511730194092},"size":7.816551685333252,"orthographic":false}