{"cameraMode":{"drawMode":0,"name":"Shaded","section":"Shading Mode"},"sceneLighting":false,"audioPlay":false,"sceneViewState":{"showFog":false,"showMaterialUpdate":false,"showSkybox":false,"showFlares":false,"showImageEffects":false,"showParticleSystems":true},"in2DMode":false,"pivot":{"x":-22.437332153320314,"y":5.960464477539063e-8,"z":5.0316162109375},"rotation":{"x":0.10581658780574799,"y":0.6927363276481628,"z":-0.10386394709348679,"w":0.7057843804359436},"size":7.629573345184326,"orthographic":false}