{"cameraMode":{"drawMode":0,"name":"Shaded","section":"Shading Mode"},"sceneLighting":false,"audioPlay":false,"sceneViewState":{"showFog":false,"showMaterialUpdate":false,"showSkybox":false,"showFlares":false,"showImageEffects":false,"showParticleSystems":true},"in2DMode":false,"pivot":{"x":5.935544967651367,"y":1.1341865062713624,"z":-5.198893070220947},"rotation":{"x":0.008316361345350743,"y":-0.9475603699684143,"z":0.3185502886772156,"w":0.02474295161664486},"size":8.631756782531739,"orthographic":false}