{"cameraMode":{"drawMode":0,"name":"Shaded","section":"Shading Mode"},"sceneLighting":false,"audioPlay":false,"sceneViewState":{"showFog":false,"showMaterialUpdate":false,"showSkybox":false,"showFlares":false,"showImageEffects":false,"showParticleSystems":true},"in2DMode":false,"pivot":{"x":-0.03828775882720947,"y":2.115936279296875,"z":-0.18607735633850099},"rotation":{"x":-0.2274997979402542,"y":0.05026965215802193,"z":-0.011719686910510064,"w":-0.9724625945091248},"size":11.880315780639649,"orthographic":false}