{"cameraMode":{"drawMode":0,"name":"Shaded","section":"Shading Mode"},"sceneLighting":false,"audioPlay":false,"sceneViewState":{"showFog":false,"showMaterialUpdate":false,"showSkybox":false,"showFlares":false,"showImageEffects":false,"showParticleSystems":true},"in2DMode":false,"pivot":{"x":-3.567061185836792,"y":2.989999771118164,"z":-5.8771209716796879},"rotation":{"x":-0.24461007118225099,"y":0.07205712795257569,"z":-0.018325360491871835,"w":-0.9668306708335877},"size":11.42088508605957,"orthographic":false}