{"cameraMode":{"drawMode":0,"name":"Shaded","section":"Shading Mode"},"sceneLighting":true,"audioPlay":false,"sceneViewState":{"showFog":false,"showMaterialUpdate":false,"showSkybox":false,"showFlares":false,"showImageEffects":false,"showParticleSystems":true},"in2DMode":false,"pivot":{"x":-25.878509521484376,"y":-11.53964614868164,"z":4.184596538543701},"rotation":{"x":-0.48293066024780276,"y":0.3293454945087433,"z":-0.2024601399898529,"w":-0.7857257127761841},"size":83.9578857421875,"orthographic":false}