{"cameraMode":{"drawMode":0,"name":"Shaded","section":"Shading Mode"},"sceneLighting":false,"audioPlay":false,"sceneViewState":{"showFog":false,"showMaterialUpdate":false,"showSkybox":false,"showFlares":false,"showImageEffects":false,"showParticleSystems":true},"in2DMode":false,"pivot":{"x":3.2613563537597658,"y":2.1056010723114015,"z":5.149249076843262},"rotation":{"x":-0.5102986097335815,"y":-0.026565508916974069,"z":0.015777714550495149,"w":-0.8594538569450378},"size":16.041555404663087,"orthographic":false}