{"cameraMode":{"drawMode":0,"name":"Shaded","section":"Shading Mode"},"sceneLighting":false,"audioPlay":false,"sceneViewState":{"showFog":false,"showMaterialUpdate":false,"showSkybox":false,"showFlares":false,"showImageEffects":false,"showParticleSystems":true},"in2DMode":false,"pivot":{"x":12.075884819030762,"y":2.010000228881836,"z":1.7525219917297364},"rotation":{"x":-0.24461007118225099,"y":0.07205712795257569,"z":-0.018325360491871835,"w":-0.9668306708335877},"size":9.25970458984375,"orthographic":false}