{"cameraMode":{"drawMode":0,"name":"Shaded","section":"Shading Mode"},"sceneLighting":false,"audioPlay":false,"sceneViewState":{"showFog":false,"showMaterialUpdate":false,"showSkybox":false,"showFlares":false,"showImageEffects":false,"showParticleSystems":true},"in2DMode":false,"pivot":{"x":-0.22549191117286683,"y":0.22565831243991853,"z":0.0},"rotation":{"x":-0.007649724371731281,"y":-0.9513445496559143,"z":0.3071662187576294,"w":-0.023687299340963365},"size":3.5377538204193117,"orthographic":false}