{"cameraMode":{"drawMode":0,"name":"Shaded","section":"Shading Mode"},"sceneLighting":false,"audioPlay":false,"sceneViewState":{"showFog":false,"showMaterialUpdate":false,"showSkybox":false,"showFlares":false,"showImageEffects":false,"showParticleSystems":true},"in2DMode":false,"pivot":{"x":0.0010334922699257732,"y":-0.009856976568698883,"z":-0.00005509704351425171},"rotation":{"x":-0.00011408486170694232,"y":0.9969571828842163,"z":-0.07793739438056946,"w":-0.0014582871226593853},"size":0.04291880503296852,"orthographic":false}