{"cameraMode":{"drawMode":0,"name":"Shaded","section":"Shading Mode"},"sceneLighting":true,"audioPlay":false,"sceneViewState":{"showFog":false,"showMaterialUpdate":false,"showSkybox":false,"showFlares":false,"showImageEffects":false,"showParticleSystems":true},"in2DMode":false,"pivot":{"x":63.102394104003909,"y":1.4634373188018799,"z":10.152847290039063},"rotation":{"x":-0.0005898517556488514,"y":-0.05039987713098526,"z":-0.000027647529350360855,"w":0.9987357258796692},"size":6.663015365600586,"orthographic":false}