{"cameraMode":{"drawMode":0,"name":"Shaded","section":"Shading Mode"},"sceneLighting":false,"audioPlay":false,"sceneViewState":{"showFog":false,"showMaterialUpdate":false,"showSkybox":false,"showFlares":false,"showImageEffects":false,"showParticleSystems":true},"in2DMode":false,"pivot":{"x":0.0016084909439086915,"y":0.5214593410491943,"z":0.5360889434814453},"rotation":{"x":-0.2274997979402542,"y":0.05026965215802193,"z":-0.011719686910510064,"w":-0.9724625945091248},"size":5.579789161682129,"orthographic":false}