{"cameraMode":{"drawMode":0,"name":"Shaded","section":"Shading Mode"},"sceneLighting":false,"audioPlay":false,"sceneViewState":{"showFog":false,"showMaterialUpdate":false,"showSkybox":false,"showFlares":false,"showImageEffects":false,"showParticleSystems":true},"in2DMode":false,"pivot":{"x":-0.011718258261680603,"y":0.006956636905670166,"z":-0.06912709772586823},"rotation":{"x":0.30655017495155337,"y":0.28790971636772158,"z":-0.09785041958093643,"w":0.9019762277603149},"size":11.029781341552735,"orthographic":false}