{"cameraMode":{"drawMode":0,"name":"Shaded","section":"Shading Mode"},"sceneLighting":false,"audioPlay":false,"sceneViewState":{"showFog":false,"showMaterialUpdate":false,"showSkybox":false,"showFlares":false,"showImageEffects":false,"showParticleSystems":true},"in2DMode":false,"pivot":{"x":0.01054525375366211,"y":3.0079519748687746,"z":2.8199634552001955},"rotation":{"x":-0.4377254545688629,"y":-0.35740363597869875,"z":0.19516581296920777,"w":-0.801616907119751},"size":16.047151565551759,"orthographic":false}