{"cameraMode":{"drawMode":0,"name":"Shaded","section":"Shading Mode"},"sceneLighting":false,"audioPlay":false,"sceneViewState":{"showFog":false,"showMaterialUpdate":false,"showSkybox":false,"showFlares":false,"showImageEffects":false,"showParticleSystems":true},"in2DMode":false,"pivot":{"x":114.85946655273438,"y":-7.234406471252441,"z":23.74612808227539},"rotation":{"x":-0.09044960886240006,"y":-0.6727819442749023,"z":0.08335572481155396,"w":-0.7296137809753418},"size":44.111961364746097,"orthographic":false}