{"cameraMode":{"drawMode":0,"name":"Shaded","section":"Shading Mode"},"sceneLighting":false,"audioPlay":false,"sceneViewState":{"showFog":false,"showMaterialUpdate":false,"showSkybox":false,"showFlares":false,"showImageEffects":false,"showParticleSystems":true},"in2DMode":false,"pivot":{"x":94.05494689941406,"y":-10.539423942565918,"z":13.356939315795899},"rotation":{"x":-0.16509144008159638,"y":-0.7415382266044617,"z":0.19758912920951844,"w":-0.619566023349762},"size":26.26984405517578,"orthographic":false}