{"cameraMode":{"drawMode":0,"name":"Shaded","section":"Shading Mode"},"sceneLighting":false,"audioPlay":false,"sceneViewState":{"showFog":false,"showMaterialUpdate":false,"showSkybox":false,"showFlares":false,"showImageEffects":false,"showParticleSystems":true},"in2DMode":false,"pivot":{"x":0.037654221057891849,"y":1.3630205392837525,"z":-0.06501489877700806},"rotation":{"x":-0.05707155168056488,"y":0.9370362758636475,"z":-0.29171833395957949,"w":-0.18332120776176454},"size":6.904257774353027,"orthographic":false}