{"cameraMode":{"drawMode":0,"name":"Shaded","section":"Shading Mode"},"sceneLighting":true,"audioPlay":false,"sceneViewState":{"showFog":false,"showMaterialUpdate":false,"showSkybox":false,"showFlares":false,"showImageEffects":false,"showParticleSystems":true},"in2DMode":false,"pivot":{"x":-13.15757942199707,"y":-8.2567138671875,"z":-17.377099990844728},"rotation":{"x":0.4901026487350464,"y":0.35668468475341799,"z":-0.22950708866119386,"w":0.761570394039154},"size":29.785974502563478,"orthographic":false}