{"cameraMode":{"drawMode":0,"name":"Shaded","section":"Shading Mode"},"sceneLighting":false,"audioPlay":false,"sceneViewState":{"showFog":false,"showMaterialUpdate":false,"showSkybox":false,"showFlares":false,"showImageEffects":false,"showParticleSystems":true},"in2DMode":false,"pivot":{"x":-7.670963287353516,"y":1.0932775735855103,"z":-23.247360229492189},"rotation":{"x":0.008316361345350743,"y":-0.9475603699684143,"z":0.3185502886772156,"w":0.02474295161664486},"size":7.328854084014893,"orthographic":false}