{"cameraMode":{"drawMode":0,"name":"Shaded","section":"Shading Mode"},"sceneLighting":true,"audioPlay":false,"sceneViewState":{"showFog":false,"showMaterialUpdate":false,"showSkybox":false,"showFlares":false,"showImageEffects":false,"showParticleSystems":true},"in2DMode":false,"pivot":{"x":-4.984114646911621,"y":-0.22785520553588868,"z":30.68256187438965},"rotation":{"x":-0.3757164776325226,"y":-0.4018072485923767,"z":0.18540312349796296,"w":-0.8142653703689575},"size":7.016623497009277,"orthographic":false}