{"cameraMode":{"drawMode":0,"name":"Shaded","section":"Shading Mode"},"sceneLighting":false,"audioPlay":false,"sceneViewState":{"showFog":false,"showMaterialUpdate":false,"showSkybox":false,"showFlares":false,"showImageEffects":false,"showParticleSystems":true},"in2DMode":false,"pivot":{"x":-3.2633862495422365,"y":2.8838911056518556,"z":-10.216320991516114},"rotation":{"x":-0.00810246728360653,"y":-0.9723336100578308,"z":0.23116227984428407,"w":-0.03387453779578209},"size":22.0,"orthographic":false}